,_id,clusterID,connectionTime,disconnectTime,doneChargingTime,kWhDelivered,sessionID,siteID,spaceID,stationID,timezone,userID,userInputs/0/WhPerMile,userInputs/0/kWhRequested,userInputs/0/milesRequested,userInputs/0/minutesAvailable,userInputs/0/modifiedAt,userInputs/0/paymentRequired,userInputs/0/requestedDeparture,userInputs/0/userID,userInputs/1/WhPerMile,userInputs/1/kWhRequested,userInputs/1/milesRequested,userInputs/1/minutesAvailable,userInputs/1/modifiedAt,userInputs/1/paymentRequired,userInputs/1/requestedDeparture,userInputs/1/userID,userInputs/2/WhPerMile,userInputs/2/kWhRequested,userInputs/2/milesRequested,userInputs/2/minutesAvailable,userInputs/2/modifiedAt,userInputs/2/paymentRequired,userInputs/2/requestedDeparture,userInputs/2/userID,userInputs/0,userInputs/3/WhPerMile,userInputs/3/kWhRequested,userInputs/3/milesRequested,userInputs/3/minutesAvailable,userInputs/3/modifiedAt,userInputs/3/paymentRequired,userInputs/3/requestedDeparture,userInputs/3/userID,userInputs/4/WhPerMile,userInputs/4/kWhRequested,userInputs/4/milesRequested,userInputs/4/minutesAvailable,userInputs/4/modifiedAt,userInputs/4/paymentRequired,userInputs/4/requestedDeparture,userInputs/4/userID,userInputs/5/WhPerMile,userInputs/5/kWhRequested,userInputs/5/milesRequested,userInputs/5/minutesAvailable,userInputs/5/modifiedAt,userInputs/5/paymentRequired,userInputs/5/requestedDeparture,userInputs/5/userID,userInputs/6/WhPerMile,userInputs/6/kWhRequested,userInputs/6/milesRequested,userInputs/6/minutesAvailable,userInputs/6/modifiedAt,userInputs/6/paymentRequired,userInputs/6/requestedDeparture,userInputs/6/userID,userInputs/7/WhPerMile,userInputs/7/kWhRequested,userInputs/7/milesRequested,userInputs/7/minutesAvailable,userInputs/7/modifiedAt,userInputs/7/paymentRequired,userInputs/7/requestedDeparture,userInputs/7/userID,userInputs/8/WhPerMile,userInputs/8/kWhRequested,userInputs/8/milesRequested,userInputs/8/minutesAvailable,userInputs/8/modifiedAt,userInputs/8/paymentRequired,userInputs/8/requestedDeparture,userInputs/8/userID,userInputs/9/WhPerMile,userInputs/9/kWhRequested,userInputs/9/milesRequested,userInputs/9/minutesAvailable,userInputs/9/modifiedAt,userInputs/9/paymentRequired,userInputs/9/requestedDeparture,userInputs/9/userID,userInputs/10/WhPerMile,userInputs/10/kWhRequested,userInputs/10/milesRequested,userInputs/10/minutesAvailable,userInputs/10/modifiedAt,userInputs/10/paymentRequired,userInputs/10/requestedDeparture,userInputs/10/userID,userInputs/11/WhPerMile,userInputs/11/kWhRequested,userInputs/11/milesRequested,userInputs/11/minutesAvailable,userInputs/11/modifiedAt,userInputs/11/paymentRequired,userInputs/11/requestedDeparture,userInputs/11/userID,userInputs/12/WhPerMile,userInputs/12/kWhRequested,userInputs/12/milesRequested,userInputs/12/minutesAvailable,userInputs/12/modifiedAt,userInputs/12/paymentRequired,userInputs/12/requestedDeparture,userInputs/12/userID,userInputs/13/WhPerMile,userInputs/13/kWhRequested,userInputs/13/milesRequested,userInputs/13/minutesAvailable,userInputs/13/modifiedAt,userInputs/13/paymentRequired,userInputs/13/requestedDeparture,userInputs/13/userID,userInputs/14/WhPerMile,userInputs/14/kWhRequested,userInputs/14/milesRequested,userInputs/14/minutesAvailable,userInputs/14/modifiedAt,userInputs/14/paymentRequired,userInputs/14/requestedDeparture,userInputs/14/userID,userInputs/15/WhPerMile,userInputs/15/kWhRequested,userInputs/15/milesRequested,userInputs/15/minutesAvailable,userInputs/15/modifiedAt,userInputs/15/paymentRequired,userInputs/15/requestedDeparture,userInputs/15/userID,userInputs/16/WhPerMile,userInputs/16/kWhRequested,userInputs/16/milesRequested,userInputs/16/minutesAvailable,userInputs/16/modifiedAt,userInputs/16/paymentRequired,userInputs/16/requestedDeparture,userInputs/16/userID,userInputs/17/WhPerMile,userInputs/17/kWhRequested,userInputs/17/milesRequested,userInputs/17/minutesAvailable,userInputs/17/modifiedAt,userInputs/17/paymentRequired,userInputs/17/requestedDeparture,userInputs/17/userID,userInputs/18/WhPerMile,userInputs/18/kWhRequested,userInputs/18/milesRequested,userInputs/18/minutesAvailable,userInputs/18/modifiedAt,userInputs/18/paymentRequired,userInputs/18/requestedDeparture,userInputs/18/userID,userInputs/19/WhPerMile,userInputs/19/kWhRequested,userInputs/19/milesRequested,userInputs/19/minutesAvailable,userInputs/19/modifiedAt,userInputs/19/paymentRequired,userInputs/19/requestedDeparture,userInputs/19/userID,userInputs/20/WhPerMile,userInputs/20/kWhRequested,userInputs/20/milesRequested,userInputs/20/minutesAvailable,userInputs/20/modifiedAt,userInputs/20/paymentRequired,userInputs/20/requestedDeparture,userInputs/20/userID,userInputs/21/WhPerMile,userInputs/21/kWhRequested,userInputs/21/milesRequested,userInputs/21/minutesAvailable,userInputs/21/modifiedAt,userInputs/21/paymentRequired,userInputs/21/requestedDeparture,userInputs/21/userID,date_only,LoadDone,LoadDisc
1226,5df82ffbf9af8b399f100e84,1,2019-11-26 03:48:33-08:00,2019-11-26 13:01:19-08:00,2019-11-26 06:23:07-08:00,10.339,1_1_178_824_2019-11-26 11:48:33.365571,1,AG-1F07,1-1-178-824,America/Los_Angeles,607.0,400.0,48.0,120.0,608.0,"Tue, 26 Nov 2019 11:49:02 GMT",True,"Tue, 26 Nov 2019 21:56:33 GMT",607.0,400.0,48.0,120.0,608.0,"Tue, 26 Nov 2019 21:00:46 GMT",True,"Tue, 26 Nov 2019 21:56:33 GMT",607.0,400.0,48.0,120.0,608.0,"Tue, 26 Nov 2019 21:01:18 GMT",True,"Tue, 26 Nov 2019 21:56:33 GMT",607.0,,,,,,,,,,,,,,,,,,,,,,,,,,,,,,,,,,,,,,,,,,,,,,,,,,,,,,,,,,,,,,,,,,,,,,,,,,,,,,,,,,,,,,,,,,,,,,,,,,,,,,,,,,,,,,,,,,,,,,,,,,,,,,,,,,,,,,,,,,,,,,,,,,,,,,,,,,2019-11-26,4.0134138451585075,1.1222456732798651
1227,5df82ffbf9af8b399f100e85,1,2019-11-26 05:01:05-08:00,2019-11-26 14:35:39-08:00,2019-11-26 07:35:55-08:00,5.951,1_1_194_826_2019-11-26 13:01:05.382518,1,AG-1F11,1-1-194-826,America/Los_Angeles,3836.0,400.0,8.0,20.0,720.0,"Tue, 26 Nov 2019 13:01:19 GMT",True,"Wed, 27 Nov 2019 01:01:05 GMT",3836.0,400.0,8.0,20.0,720.0,"Tue, 26 Nov 2019 22:31:08 GMT",True,"Wed, 27 Nov 2019 01:01:05 GMT",3836.0,,,,,,,,,,,,,,,,,,,,,,,,,,,,,,,,,,,,,,,,,,,,,,,,,,,,,,,,,,,,,,,,,,,,,,,,,,,,,,,,,,,,,,,,,,,,,,,,,,,,,,,,,,,,,,,,,,,,,,,,,,,,,,,,,,,,,,,,,,,,,,,,,,,,,,,,,,,,,,,,,,2019-11-26,2.3060925726587724,0.621442246330568
1228,5df82ffbf9af8b399f100e86,1,2019-11-26 05:32:10-08:00,2019-11-26 15:40:22-08:00,2019-11-26 10:46:39-08:00,9.943,1_1_194_822_2019-11-26 13:32:09.568515,1,AG-1F12,1-1-194-822,America/Los_Angeles,3152.0,333.0,9.99,30.0,573.0,"Tue, 26 Nov 2019 13:32:46 GMT",True,"Tue, 26 Nov 2019 23:05:10 GMT",3152.0,,,,,,,,,,,,,,,,,,,,,,,,,,,,,,,,,,,,,,,,,,,,,,,,,,,,,,,,,,,,,,,,,,,,,,,,,,,,,,,,,,,,,,,,,,,,,,,,,,,,,,,,,,,,,,,,,,,,,,,,,,,,,,,,,,,,,,,,,,,,,,,,,,,,,,,,,,,,,,,,,,,,,,,,,,2019-11-26,1.8970162700726056,0.98089444261756
1229,5df82ffbf9af8b399f100e87,1,2019-11-26 05:34:15-08:00,2019-11-26 13:42:22-08:00,2019-11-26 08:21:45-08:00,12.916,1_1_178_823_2019-11-26 13:34:14.779020,1,AG-1F08,1-1-178-823,America/Los_Angeles,2183.0,600.0,30.0,50.0,60.0,"Tue, 26 Nov 2019 13:34:18 GMT",True,"Tue, 26 Nov 2019 14:34:15 GMT",2183.0,,,,,,,,,,,,,,,,,,,,,,,,,,,,,,,,,,,,,,,,,,,,,,,,,,,,,,,,,,,,,,,,,,,,,,,,,,,,,,,,,,,,,,,,,,,,,,,,,,,,,,,,,,,,,,,,,,,,,,,,,,,,,,,,,,,,,,,,,,,,,,,,,,,,,,,,,,,,,,,,,,,,,,,,,,2019-11-26,4.626626865671642,1.5876532249803665
1230,5df82ffbf9af8b399f100e88,1,2019-11-26 05:42:02-08:00,2019-11-26 15:33:40-08:00,2019-11-26 11:27:16-08:00,11.25,1_1_178_828_2019-11-26 13:42:02.447723,1,AG-1F10,1-1-178-828,America/Los_Angeles,406.0,600.0,12.0,20.0,428.0,"Tue, 26 Nov 2019 13:42:12 GMT",True,"Tue, 26 Nov 2019 20:50:02 GMT",406.0,,,,,,,,,,,,,,,,,,,,,,,,,,,,,,,,,,,,,,,,,,,,,,,,,,,,,,,,,,,,,,,,,,,,,,,,,,,,,,,,,,,,,,,,,,,,,,,,,,,,,,,,,,,,,,,,,,,,,,,,,,,,,,,,,,,,,,,,,,,,,,,,,,,,,,,,,,,,,,,,,,,,,,,,,,2019-11-26,1.9551993820604423,1.1409093470054652
1231,5df82ffbf9af8b399f100e89,1,2019-11-26 05:49:52-08:00,2019-11-26 15:43:28-08:00,2019-11-26 15:24:47-08:00,50.105,1_1_193_825_2019-11-26 13:49:52.356652,1,AG-1F01,1-1-193-825,America/Los_Angeles,4275.0,280.0,70.0,250.0,642.0,"Tue, 26 Nov 2019 13:50:07 GMT",True,"Wed, 27 Nov 2019 00:31:52 GMT",4275.0,,,,,,,,,,,,,,,,,,,,,,,,,,,,,,,,,,,,,,,,,,,,,,,,,,,,,,,,,,,,,,,,,,,,,,,,,,,,,,,,,,,,,,,,,,,,,,,,,,,,,,,,,,,,,,,,,,,,,,,,,,,,,,,,,,,,,,,,,,,,,,,,,,,,,,,,,,,,,,,,,,,,,,,,,,2019-11-26,5.229105667488041,5.064521563342318
1232,5df82ffbf9af8b399f100e8a,1,2019-11-26 06:00:29-08:00,2019-11-26 15:15:36-08:00,2019-11-26 15:16:36-08:00,52.685,1_1_178_817_2019-11-26 14:00:29.224961,1,AG-1F09,1-1-178-817,America/Los_Angeles,933.0,385.0,77.0,200.0,720.0,"Tue, 26 Nov 2019 14:00:53 GMT",True,"Wed, 27 Nov 2019 02:00:29 GMT",933.0,,,,,,,,,,,,,,,,,,,,,,,,,,,,,,,,,,,,,,,,,,,,,,,,,,,,,,,,,,,,,,,,,,,,,,,,,,,,,,,,,,,,,,,,,,,,,,,,,,,,,,,,,,,,,,,,,,,,,,,,,,,,,,,,,,,,,,,,,,,,,,,,,,,,,,,,,,,,,,,,,,,,,,,,,,2019-11-26,5.684238918692121,5.694478638124119
1233,5df82ffbf9af8b399f100e8b,1,2019-11-26 06:05:27-08:00,2019-11-26 14:38:17-08:00,2019-11-26 11:27:14-08:00,18.509,1_1_193_819_2019-11-26 14:05:27.163955,1,AG-1F06,1-1-193-819,America/Los_Angeles,4147.0,500.0,20.0,40.0,61.0,"Tue, 26 Nov 2019 14:05:32 GMT",True,"Tue, 26 Nov 2019 15:06:27 GMT",4147.0,500.0,20.0,40.0,61.0,"Tue, 26 Nov 2019 22:38:08 GMT",True,"Tue, 26 Nov 2019 15:06:27 GMT",4147.0,,,,,,,,,,,,,,,,,,,,,,,,,,,,,,,,,,,,,,,,,,,,,,,,,,,,,,,,,,,,,,,,,,,,,,,,,,,,,,,,,,,,,,,,,,,,,,,,,,,,,,,,,,,,,,,,,,,,,,,,,,,,,,,,,,,,,,,,,,,,,,,,,,,,,,,,,,,,,,,,,,2019-11-26,3.4512042264463667,2.1654988625284366
1234,5df82ffbf9af8b399f100e8c,1,2019-11-26 06:12:29-08:00,2019-11-26 13:54:28-08:00,2019-11-26 10:40:09-08:00,13.84,1_1_193_820_2019-11-26 14:12:29.028358,1,AG-1F04,1-1-193-820,America/Los_Angeles,2187.0,400.0,20.0,50.0,240.0,"Tue, 26 Nov 2019 14:12:46 GMT",True,"Tue, 26 Nov 2019 18:12:29 GMT",2187.0,,,,,,,,,,,,,,,,,,,,,,,,,,,,,,,,,,,,,,,,,,,,,,,,,,,,,,,,,,,,,,,,,,,,,,,,,,,,,,,,,,,,,,,,,,,,,,,,,,,,,,,,,,,,,,,,,,,,,,,,,,,,,,,,,,,,,,,,,,,,,,,,,,,,,,,,,,,,,,,,,,,,,,,,,,2019-11-26,3.1023661270236613,1.797467441105379
1235,5df82ffbf9af8b399f100e8d,1,2019-11-26 06:13:44-08:00,2019-11-26 16:29:36-08:00,2019-11-26 10:58:52-08:00,10.6,1_1_193_816_2019-11-26 14:13:34.760526,1,AG-1F05,1-1-193-816,America/Los_Angeles,1461.0,350.0,63.0,180.0,286.0,"Tue, 26 Nov 2019 14:13:43 GMT",True,"Tue, 26 Nov 2019 18:59:44 GMT",1461.0,,,,,,,,,,,,,,,,,,,,,,,,,,,,,,,,,,,,,,,,,,,,,,,,,,,,,,,,,,,,,,,,,,,,,,,,,,,,,,,,,,,,,,,,,,,,,,,,,,,,,,,,,,,,,,,,,,,,,,,,,,,,,,,,,,,,,,,,,,,,,,,,,,,,,,,,,,,,,,,,,,,,,,,,,,2019-11-26,2.2305354220247833,1.0326910586707079
1236,5df82ffbf9af8b399f100e8e,1,2019-11-26 06:16:32-08:00,2019-11-26 15:25:59-08:00,2019-11-26 07:29:27-08:00,3.263,1_1_193_829_2019-11-26 14:16:31.627762,1,AG-1F03,1-1-193-829,America/Los_Angeles,344.0,400.0,8.0,20.0,60.0,"Tue, 26 Nov 2019 14:16:41 GMT",True,"Tue, 26 Nov 2019 15:16:32 GMT",344.0,,,,,,,,,,,,,,,,,,,,,,,,,,,,,,,,,,,,,,,,,,,,,,,,,,,,,,,,,,,,,,,,,,,,,,,,,,,,,,,,,,,,,,,,,,,,,,,,,,,,,,,,,,,,,,,,,,,,,,,,,,,,,,,,,,,,,,,,,,,,,,,,,,,,,,,,,,,,,,,,,,,,,,,,,,2019-11-26,2.6849828571428573,0.3563199563199563
1237,5df82ffbf9af8b399f100e8f,1,2019-11-26 06:20:51-08:00,2019-11-26 16:26:11-08:00,2019-11-26 11:25:48-08:00,13.811,1_1_194_818_2019-11-26 14:20:51.031207,1,AG-1F14,1-1-194-818,America/Los_Angeles,419.0,400.0,40.0,100.0,535.0,"Tue, 26 Nov 2019 14:21:02 GMT",True,"Tue, 26 Nov 2019 23:15:51 GMT",419.0,,,,,,,,,,,,,,,,,,,,,,,,,,,,,,,,,,,,,,,,,,,,,,,,,,,,,,,,,,,,,,,,,,,,,,,,,,,,,,,,,,,,,,,,,,,,,,,,,,,,,,,,,,,,,,,,,,,,,,,,,,,,,,,,,,,,,,,,,,,,,,,,,,,,,,,,,,,,,,,,,,,,,,,,,,2019-11-26,2.7173635022134777,1.368931718061674
1238,5df82ffbf9af8b399f100e90,1,2019-11-26 06:27:58-08:00,2019-11-26 14:35:18-08:00,2019-11-26 08:52:45-08:00,5.637,1_1_194_821_2019-11-26 14:27:43.931143,1,AG-1F13,1-1-194-821,America/Los_Angeles,521.0,400.0,12.0,30.0,60.0,"Tue, 26 Nov 2019 14:27:58 GMT",True,"Tue, 26 Nov 2019 15:27:58 GMT",521.0,400.0,12.0,30.0,60.0,"Tue, 26 Nov 2019 22:34:26 GMT",True,"Tue, 26 Nov 2019 15:27:58 GMT",521.0,400.0,12.0,30.0,60.0,"Tue, 26 Nov 2019 22:35:03 GMT",True,"Tue, 26 Nov 2019 15:27:58 GMT",521.0,,,,,,,,,,,,,,,,,,,,,,,,,,,,,,,,,,,,,,,,,,,,,,,,,,,,,,,,,,,,,,,,,,,,,,,,,,,,,,,,,,,,,,,,,,,,,,,,,,,,,,,,,,,,,,,,,,,,,,,,,,,,,,,,,,,,,,,,,,,,,,,,,,,,,,,,,,2019-11-26,2.3360423621503394,0.6940218878248974
1239,5df82ffbf9af8b399f100e91,1,2019-11-26 06:29:32-08:00,2019-11-26 15:28:25-08:00,2019-11-26 10:20:09-08:00,8.672,1_1_193_827_2019-11-26 14:29:31.993838,1,AG-1F02,1-1-193-827,America/Los_Angeles,169.0,400.0,16.0,40.0,483.0,"Tue, 26 Nov 2019 14:29:42 GMT",True,"Tue, 26 Nov 2019 22:32:32 GMT",169.0,,,,,,,,,,,,,,,,,,,,,,,,,,,,,,,,,,,,,,,,,,,,,,,,,,,,,,,,,,,,,,,,,,,,,,,,,,,,,,,,,,,,,,,,,,,,,,,,,,,,,,,,,,,,,,,,,,,,,,,,,,,,,,,,,,,,,,,,,,,,,,,,,,,,,,,,,,,,,,,,,,,,,,,,,,2019-11-26,2.256211606562116,0.9655522221878577
1240,5df82ffbf9af8b399f100e92,1,2019-11-26 06:31:27-08:00,2019-11-26 16:12:23-08:00,2019-11-26 14:50:07-08:00,21.01,1_1_179_799_2019-11-26 14:31:27.304662,1,AG-3F25,1-1-179-799,America/Los_Angeles,581.0,400.0,32.0,80.0,469.0,"Tue, 26 Nov 2019 14:33:09 GMT",True,"Tue, 26 Nov 2019 22:20:27 GMT",581.0,,,,,,,,,,,,,,,,,,,,,,,,,,,,,,,,,,,,,,,,,,,,,,,,,,,,,,,,,,,,,,,,,,,,,,,,,,,,,,,,,,,,,,,,,,,,,,,,,,,,,,,,,,,,,,,,,,,,,,,,,,,,,,,,,,,,,,,,,,,,,,,,,,,,,,,,,,,,,,,,,,,,,,,,,,2019-11-26,2.527941176470588,2.169956392012853
1241,5df82ffbf9af8b399f100e93,1,2019-11-26 06:34:14-08:00,2019-11-26 17:39:10-08:00,2019-11-26 11:40:39-08:00,30.3,1_1_191_804_2019-11-26 14:34:14.456468,1,AG-4F34,1-1-191-804,America/Los_Angeles,3737.0,250.0,45.0,180.0,484.0,"Tue, 26 Nov 2019 14:34:23 GMT",True,"Tue, 26 Nov 2019 22:38:14 GMT",3737.0,,,,,,,,,,,,,,,,,,,,,,,,,,,,,,,,,,,,,,,,,,,,,,,,,,,,,,,,,,,,,,,,,,,,,,,,,,,,,,,,,,,,,,,,,,,,,,,,,,,,,,,,,,,,,,,,,,,,,,,,,,,,,,,,,,,,,,,,,,,,,,,,,,,,,,,,,,,,,,,,,,,,,,,,,,2019-11-26,5.933097633940712,2.734108682574694
1242,5df82ffbf9af8b399f100e94,1,2019-11-26 06:34:53-08:00,2019-11-26 16:06:37-08:00,2019-11-26 09:08:52-08:00,12.618,1_1_179_796_2019-11-26 14:34:51.747033,1,AG-3F24,1-1-179-796,America/Los_Angeles,3840.0,600.0,30.0,50.0,588.0,"Tue, 26 Nov 2019 14:34:53 GMT",True,"Wed, 27 Nov 2019 00:22:53 GMT",3840.0,600.0,30.0,50.0,496.0,"Tue, 26 Nov 2019 20:14:10 GMT",True,"Tue, 26 Nov 2019 22:50:53 GMT",3840.0,600.0,30.0,50.0,631.0,"Tue, 26 Nov 2019 23:39:59 GMT",True,"Wed, 27 Nov 2019 01:05:53 GMT",3840.0,,,,,,,,,,,,,,,,,,,,,,,,,,,,,,,,,,,,,,,,,,,,,,,,,,,,,,,,,,,,,,,,,,,,,,,,,,,,,,,,,,,,,,,,,,,,,,,,,,,,,,,,,,,,,,,,,,,,,,,,,,,,,,,,,,,,,,,,,,,,,,,,,,,,,,,,,,2019-11-26,4.9166359995670526,1.3241837686567166
1243,5df82ffbf9af8b399f100e95,1,2019-11-26 06:34:56-08:00,2019-11-26 13:34:29-08:00,2019-11-26 09:33:32-08:00,13.34,1_1_179_798_2019-11-26 14:34:55.917769,1,AG-3F18,1-1-179-798,America/Los_Angeles,651.0,400.0,20.0,50.0,193.0,"Tue, 26 Nov 2019 14:35:12 GMT",True,"Tue, 26 Nov 2019 17:47:56 GMT",651.0,,,,,,,,,,,,,,,,,,,,,,,,,,,,,,,,,,,,,,,,,,,,,,,,,,,,,,,,,,,,,,,,,,,,,,,,,,,,,,,,,,,,,,,,,,,,,,,,,,,,,,,,,,,,,,,,,,,,,,,,,,,,,,,,,,,,,,,,,,,,,,,,,,,,,,,,,,,,,,,,,,,,,,,,,,2019-11-26,4.481522956326987,1.9077583124776547
1244,5df82ffbf9af8b399f100e96,1,2019-11-26 06:35:34-08:00,2019-11-26 15:50:05-08:00,2019-11-26 07:07:50-08:00,0.828,1_1_179_800_2019-11-26 14:35:34.028271,1,AG-3F32,1-1-179-800,America/Los_Angeles,,,,,,,,,,,,,,,,,,,,,,,,,,,,,,,,,,,,,,,,,,,,,,,,,,,,,,,,,,,,,,,,,,,,,,,,,,,,,,,,,,,,,,,,,,,,,,,,,,,,,,,,,,,,,,,,,,,,,,,,,,,,,,,,,,,,,,,,,,,,,,,,,,,,,,,,,,,,,,,,,,,,,,,,,,,,,,,,,,,2019-11-26,1.5396694214876032,0.08959153617264284
1245,5df82ffbf9af8b399f100e97,1,2019-11-26 06:39:20-08:00,2019-11-26 17:30:39-08:00,2019-11-26 11:07:59-08:00,27.613,1_1_179_810_2019-11-26 14:39:19.905051,1,AG-3F30,1-1-179-810,America/Los_Angeles,3687.0,364.0,69.16,190.0,720.0,"Tue, 26 Nov 2019 14:39:31 GMT",True,"Wed, 27 Nov 2019 02:39:20 GMT",3687.0,,,,,,,,,,,,,,,,,,,,,,,,,,,,,,,,,,,,,,,,,,,,,,,,,,,,,,,,,,,,,,,,,,,,,,,,,,,,,,,,,,,,,,,,,,,,,,,,,,,,,,,,,,,,,,,,,,,,,,,,,,,,,,,,,,,,,,,,,,,,,,,,,,,,,,,,,,,,,,,,,,,,,,,,,,2019-11-26,6.167057509771078,2.543739604391105
1246,5df82ffbf9af8b399f100e98,1,2019-11-26 06:50:26-08:00,2019-11-26 16:14:08-08:00,2019-11-26 10:15:57-08:00,6.599,1_1_179_787_2019-11-26 14:50:25.809189,1,AG-3F16,1-1-179-787,America/Los_Angeles,409.0,400.0,12.0,30.0,593.0,"Tue, 26 Nov 2019 14:50:54 GMT",True,"Wed, 27 Nov 2019 00:43:26 GMT",409.0,,,,,,,,,,,,,,,,,,,,,,,,,,,,,,,,,,,,,,,,,,,,,,,,,,,,,,,,,,,,,,,,,,,,,,,,,,,,,,,,,,,,,,,,,,,,,,,,,,,,,,,,,,,,,,,,,,,,,,,,,,,,,,,,,,,,,,,,,,,,,,,,,,,,,,,,,,,,,,,,,,,,,,,,,,2019-11-26,1.9265590787446274,0.7023948908994146
1247,5df82ffbf9af8b399f100e99,1,2019-11-26 06:53:31-08:00,2019-11-26 16:51:42-08:00,2019-11-26 11:01:48-08:00,11.818,1_1_179_777_2019-11-26 14:53:30.574965,1,AG-3F28,1-1-179-777,America/Los_Angeles,414.0,400.0,16.0,40.0,540.0,"Tue, 26 Nov 2019 14:55:30 GMT",True,"Tue, 26 Nov 2019 23:53:31 GMT",414.0,,,,,,,,,,,,,,,,,,,,,,,,,,,,,,,,,,,,,,,,,,,,,,,,,,,,,,,,,,,,,,,,,,,,,,,,,,,,,,,,,,,,,,,,,,,,,,,,,,,,,,,,,,,,,,,,,,,,,,,,,,,,,,,,,,,,,,,,,,,,,,,,,,,,,,,,,,,,,,,,,,,,,,,,,,2019-11-26,2.855930724306907,1.185389094759132
1248,5df82ffbf9af8b399f100e9a,1,2019-11-26 06:57:55-08:00,2019-11-26 16:19:17-08:00,2019-11-26 11:31:33-08:00,8.137,1_1_191_785_2019-11-26 14:57:54.817150,1,AG-4F48,1-1-191-785,America/Los_Angeles,368.0,400.0,12.0,30.0,566.0,"Tue, 26 Nov 2019 15:00:04 GMT",True,"Wed, 27 Nov 2019 00:23:55 GMT",368.0,,,,,,,,,,,,,,,,,,,,,,,,,,,,,,,,,,,,,,,,,,,,,,,,,,,,,,,,,,,,,,,,,,,,,,,,,,,,,,,,,,,,,,,,,,,,,,,,,,,,,,,,,,,,,,,,,,,,,,,,,,,,,,,,,,,,,,,,,,,,,,,,,,,,,,,,,,,,,,,,,,,,,,,,,,2019-11-26,1.7842124497502743,0.8696989489935277
1249,5df82ffbf9af8b399f100e9b,1,2019-11-26 06:58:21-08:00,2019-11-26 16:55:02-08:00,2019-11-26 12:16:04-08:00,13.337,1_1_179_788_2019-11-26 14:58:20.837774,1,AG-3F22,1-1-179-788,America/Los_Angeles,2115.0,600.0,24.0,40.0,536.0,"Tue, 26 Nov 2019 14:58:28 GMT",True,"Tue, 26 Nov 2019 23:54:21 GMT",2115.0,,,,,,,,,,,,,,,,,,,,,,,,,,,,,,,,,,,,,,,,,,,,,,,,,,,,,,,,,,,,,,,,,,,,,,,,,,,,,,,,,,,,,,,,,,,,,,,,,,,,,,,,,,,,,,,,,,,,,,,,,,,,,,,,,,,,,,,,,,,,,,,,,,,,,,,,,,,,,,,,,,,,,,,,,,2019-11-26,2.518659182709962,1.3411133767213208
1250,5df82ffbf9af8b399f100e9c,1,2019-11-26 06:59:03-08:00,2019-11-26 16:33:09-08:00,2019-11-26 12:08:14-08:00,12.133,1_1_191_808_2019-11-26 14:59:03.266541,1,AG-4F35,1-1-191-808,America/Los_Angeles,2129.0,400.0,16.0,40.0,60.0,"Tue, 26 Nov 2019 14:59:16 GMT",True,"Tue, 26 Nov 2019 15:59:03 GMT",2129.0,,,,,,,,,,,,,,,,,,,,,,,,,,,,,,,,,,,,,,,,,,,,,,,,,,,,,,,,,,,,,,,,,,,,,,,,,,,,,,,,,,,,,,,,,,,,,,,,,,,,,,,,,,,,,,,,,,,,,,,,,,,,,,,,,,,,,,,,,,,,,,,,,,,,,,,,,,,,,,,,,,,,,,,,,,2019-11-26,2.35452536251415,1.2680369273645706
1251,5df82ffbf9af8b399f100e9d,1,2019-11-26 06:59:27-08:00,2019-11-26 16:21:23-08:00,2019-11-26 15:24:48-08:00,53.128,1_1_179_781_2019-11-26 14:59:26.774608,1,AG-3F31,1-1-179-781,America/Los_Angeles,1283.0,350.0,56.0,160.0,545.0,"Tue, 26 Nov 2019 15:00:12 GMT",True,"Wed, 27 Nov 2019 00:04:27 GMT",1283.0,,,,,,,,,,,,,,,,,,,,,,,,,,,,,,,,,,,,,,,,,,,,,,,,,,,,,,,,,,,,,,,,,,,,,,,,,,,,,,,,,,,,,,,,,,,,,,,,,,,,,,,,,,,,,,,,,,,,,,,,,,,,,,,,,,,,,,,,,,,,,,,,,,,,,,,,,,,,,,,,,,,,,,,,,,2019-11-26,6.307865835559514,5.672701388065014
1252,5df82ffbf9af8b399f100e9e,1,2019-11-26 07:00:13-08:00,2019-11-26 16:25:48-08:00,2019-11-26 13:50:48-08:00,42.827,1_1_191_795_2019-11-26 15:00:12.856494,1,AG-4F51,1-1-191-795,America/Los_Angeles,378.0,250.0,45.0,180.0,582.0,"Tue, 26 Nov 2019 15:01:04 GMT",True,"Wed, 27 Nov 2019 00:42:13 GMT",378.0,,,,,,,,,,,,,,,,,,,,,,,,,,,,,,,,,,,,,,,,,,,,,,,,,,,,,,,,,,,,,,,,,,,,,,,,,,,,,,,,,,,,,,,,,,,,,,,,,,,,,,,,,,,,,,,,,,,,,,,,,,,,,,,,,,,,,,,,,,,,,,,,,,,,,,,,,,,,,,,,,,,,,,,,,,2019-11-26,6.258461538461538,4.543309267717695
1253,5df82ffbf9af8b399f100e9f,1,2019-11-26 07:09:31-08:00,2019-11-26 16:58:04-08:00,2019-11-26 11:08:21-08:00,8.38,1_1_179_791_2019-11-26 15:09:31.396777,1,AG-3F26,1-1-179-791,America/Los_Angeles,602.0,400.0,16.0,40.0,518.0,"Tue, 26 Nov 2019 15:09:48 GMT",True,"Tue, 26 Nov 2019 23:47:31 GMT",602.0,,,,,,,,,,,,,,,,,,,,,,,,,,,,,,,,,,,,,,,,,,,,,,,,,,,,,,,,,,,,,,,,,,,,,,,,,,,,,,,,,,,,,,,,,,,,,,,,,,,,,,,,,,,,,,,,,,,,,,,,,,,,,,,,,,,,,,,,,,,,,,,,,,,,,,,,,,,,,,,,,,,,,,,,,,2019-11-26,2.105233775296581,0.8543029479228614
1254,5df82ffbf9af8b399f100ea0,1,2019-11-26 07:12:46-08:00,2019-11-26 11:41:59-08:00,2019-11-26 09:28:02-08:00,5.575,1_1_179_797_2019-11-26 15:12:46.162575,1,AG-3F23,1-1-179-797,America/Los_Angeles,3499.0,400.0,8.0,20.0,60.0,"Tue, 26 Nov 2019 15:12:47 GMT",True,"Tue, 26 Nov 2019 16:12:46 GMT",3499.0,,,,,,,,,,,,,,,,,,,,,,,,,,,,,,,,,,,,,,,,,,,,,,,,,,,,,,,,,,,,,,,,,,,,,,,,,,,,,,,,,,,,,,,,,,,,,,,,,,,,,,,,,,,,,,,,,,,,,,,,,,,,,,,,,,,,,,,,,,,,,,,,,,,,,,,,,,,,,,,,,,,,,,,,,,2019-11-26,2.4728930507639233,1.2424936544295178
1255,5df82ffbf9af8b399f100ea1,1,2019-11-26 07:15:22-08:00,2019-11-26 17:35:47-08:00,2019-11-26 10:56:12-08:00,7.128,1_1_179_815_2019-11-26 15:15:21.783120,1,AG-3F33,1-1-179-815,America/Los_Angeles,443.0,400.0,16.0,40.0,650.0,"Tue, 26 Nov 2019 15:15:35 GMT",True,"Wed, 27 Nov 2019 02:05:22 GMT",443.0,,,,,,,,,,,,,,,,,,,,,,,,,,,,,,,,,,,,,,,,,,,,,,,,,,,,,,,,,,,,,,,,,,,,,,,,,,,,,,,,,,,,,,,,,,,,,,,,,,,,,,,,,,,,,,,,,,,,,,,,,,,,,,,,,,,,,,,,,,,,,,,,,,,,,,,,,,,,,,,,,,,,,,,,,,2019-11-26,1.9366641509433964,0.6893431833445265
1256,5df82ffbf9af8b399f100ea2,1,2019-11-26 07:15:28-08:00,2019-11-26 16:31:10-08:00,2019-11-26 10:47:18-08:00,17.122,1_1_179_794_2019-11-26 15:15:27.637148,1,AG-3F20,1-1-179-794,America/Los_Angeles,4475.0,400.0,40.0,100.0,517.0,"Tue, 26 Nov 2019 15:15:46 GMT",True,"Tue, 26 Nov 2019 23:52:28 GMT",4475.0,400.0,40.0,100.0,517.0,"Tue, 26 Nov 2019 19:45:55 GMT",True,"Tue, 26 Nov 2019 23:52:28 GMT",4475.0,,,,,,,,,,,,,,,,,,,,,,,,,,,,,,,,,,,,,,,,,,,,,,,,,,,,,,,,,,,,,,,,,,,,,,,,,,,,,,,,,,,,,,,,,,,,,,,,,,,,,,,,,,,,,,,,,,,,,,,,,,,,,,,,,,,,,,,,,,,,,,,,,,,,,,,,,,,,,,,,,,2019-11-26,4.849661683713611,1.8486953392118048
1257,5df82ffbf9af8b399f100ea3,1,2019-11-26 07:18:56-08:00,2019-11-26 11:08:05-08:00,2019-11-26 11:09:02-08:00,22.509,1_1_179_809_2019-11-26 15:18:56.018006,1,AG-3F27,1-1-179-809,America/Los_Angeles,1118.0,400.0,40.0,100.0,398.0,"Tue, 26 Nov 2019 15:19:05 GMT",True,"Tue, 26 Nov 2019 21:56:56 GMT",1118.0,,,,,,,,,,,,,,,,,,,,,,,,,,,,,,,,,,,,,,,,,,,,,,,,,,,,,,,,,,,,,,,,,,,,,,,,,,,,,,,,,,,,,,,,,,,,,,,,,,,,,,,,,,,,,,,,,,,,,,,,,,,,,,,,,,,,,,,,,,,,,,,,,,,,,,,,,,,,,,,,,,,,,,,,,,2019-11-26,5.86936114732725,5.89369408684268
1258,5df82ffbf9af8b399f100ea4,1,2019-11-26 07:19:47-08:00,2019-11-26 16:34:00-08:00,2019-11-26 13:32:32-08:00,35.739,1_1_179_779_2019-11-26 15:19:46.738555,1,AG-3F17,1-1-179-779,America/Los_Angeles,2103.0,250.0,40.0,160.0,537.0,"Tue, 26 Nov 2019 15:20:12 GMT",True,"Wed, 27 Nov 2019 00:16:47 GMT",2103.0,,,,,,,,,,,,,,,,,,,,,,,,,,,,,,,,,,,,,,,,,,,,,,,,,,,,,,,,,,,,,,,,,,,,,,,,,,,,,,,,,,,,,,,,,,,,,,,,,,,,,,,,,,,,,,,,,,,,,,,,,,,,,,,,,,,,,,,,,,,,,,,,,,,,,,,,,,,,,,,,,,,,,,,,,,2019-11-26,5.752756539235412,3.869136619252398
1259,5df82ffbf9af8b399f100ea5,1,2019-11-26 07:22:17-08:00,2019-11-26 17:23:38-08:00,2019-11-26 11:06:32-08:00,14.043,1_1_191_780_2019-11-26 15:22:13.073396,1,AG-4F45,1-1-191-780,America/Los_Angeles,3670.0,444.0,31.08,70.0,370.0,"Tue, 26 Nov 2019 15:22:16 GMT",True,"Tue, 26 Nov 2019 21:32:17 GMT",3670.0,,,,,,,,,,,,,,,,,,,,,,,,,,,,,,,,,,,,,,,,,,,,,,,,,,,,,,,,,,,,,,,,,,,,,,,,,,,,,,,,,,,,,,,,,,,,,,,,,,,,,,,,,,,,,,,,,,,,,,,,,,,,,,,,,,,,,,,,,,,,,,,,,,,,,,,,,,,,,,,,,,,,,,,,,,2019-11-26,3.757324414715719,1.401147418308805
1260,5df82ffbf9af8b399f100ea6,1,2019-11-26 07:24:30-08:00,2019-11-26 15:27:34-08:00,2019-11-26 13:52:01-08:00,39.517493888888886,1_1_191_803_2019-11-26 15:24:29.517918,1,AG-4F49,1-1-191-803,America/Los_Angeles,1281.0,400.0,80.0,200.0,404.0,"Tue, 26 Nov 2019 15:25:28 GMT",True,"Tue, 26 Nov 2019 22:08:30 GMT",1281.0,,,,,,,,,,,,,,,,,,,,,,,,,,,,,,,,,,,,,,,,,,,,,,,,,,,,,,,,,,,,,,,,,,,,,,,,,,,,,,,,,,,,,,,,,,,,,,,,,,,,,,,,,,,,,,,,,,,,,,,,,,,,,,,,,,,,,,,,,,,,,,,,,,,,,,,,,,,,,,,,,,,,,,,,,,2019-11-26,6.118574598941981,4.90832797405465
1261,5df82ffbf9af8b399f100ea7,1,2019-11-26 07:26:51-08:00,2019-11-26 09:25:20-08:00,2019-11-26 09:26:20-08:00,6.96,1_1_179_790_2019-11-26 15:26:50.553390,1,AG-3F19,1-1-179-790,America/Los_Angeles,724.0,400.0,12.0,30.0,293.0,"Tue, 26 Nov 2019 15:27:08 GMT",True,"Tue, 26 Nov 2019 20:19:51 GMT",724.0,,,,,,,,,,,,,,,,,,,,,,,,,,,,,,,,,,,,,,,,,,,,,,,,,,,,,,,,,,,,,,,,,,,,,,,,,,,,,,,,,,,,,,,,,,,,,,,,,,,,,,,,,,,,,,,,,,,,,,,,,,,,,,,,,,,,,,,,,,,,,,,,,,,,,,,,,,,,,,,,,,,,,,,,,,2019-11-26,3.495048123866648,3.5245463496975664
1262,5df82ffbf9af8b399f100ea8,1,2019-11-26 07:29:27-08:00,2019-11-26 16:57:42-08:00,2019-11-26 10:00:40-08:00,5.266,1_1_179_813_2019-11-26 15:29:26.598230,1,AG-3F15,1-1-179-813,America/Los_Angeles,577.0,333.0,6.66,20.0,493.0,"Tue, 26 Nov 2019 15:29:40 GMT",True,"Tue, 26 Nov 2019 23:42:27 GMT",577.0,,,,,,,,,,,,,,,,,,,,,,,,,,,,,,,,,,,,,,,,,,,,,,,,,,,,,,,,,,,,,,,,,,,,,,,,,,,,,,,,,,,,,,,,,,,,,,,,,,,,,,,,,,,,,,,,,,,,,,,,,,,,,,,,,,,,,,,,,,,,,,,,,,,,,,,,,,,,,,,,,,,,,,,,,,2019-11-26,2.089452220875124,0.5560228772547294
1263,5df82ffbf9af8b399f100ea9,1,2019-11-26 07:30:32-08:00,2019-11-26 16:59:03-08:00,2019-11-26 14:09:18-08:00,32.027,1_1_179_801_2019-11-26 15:30:32.347687,1,AG-3F21,1-1-179-801,America/Los_Angeles,474.0,400.0,28.0,70.0,552.0,"Tue, 26 Nov 2019 15:30:35 GMT",True,"Wed, 27 Nov 2019 00:42:32 GMT",474.0,400.0,32.0,80.0,401.0,"Tue, 26 Nov 2019 21:12:14 GMT",True,"Tue, 26 Nov 2019 22:11:32 GMT",474.0,,,,,,,,,,,,,,,,,,,,,,,,,,,,,,,,,,,,,,,,,,,,,,,,,,,,,,,,,,,,,,,,,,,,,,,,,,,,,,,,,,,,,,,,,,,,,,,,,,,,,,,,,,,,,,,,,,,,,,,,,,,,,,,,,,,,,,,,,,,,,,,,,,,,,,,,,,,,,,,,,,2019-11-26,4.818908300593497,3.380059218433936
1264,5df82ffbf9af8b399f100eaa,1,2019-11-26 07:30:44-08:00,2019-11-26 12:19:23-08:00,2019-11-26 12:16:39-08:00,12.319,1_1_191_802_2019-11-26 15:30:43.999709,1,AG-4F44,1-1-191-802,America/Los_Angeles,1239.0,600.0,30.0,50.0,375.0,"Tue, 26 Nov 2019 15:30:54 GMT",True,"Tue, 26 Nov 2019 21:45:44 GMT",1239.0,,,,,,,,,,,,,,,,,,,,,,,,,,,,,,,,,,,,,,,,,,,,,,,,,,,,,,,,,,,,,,,,,,,,,,,,,,,,,,,,,,,,,,,,,,,,,,,,,,,,,,,,,,,,,,,,,,,,,,,,,,,,,,,,,,,,,,,,,,,,,,,,,,,,,,,,,,,,,,,,,,,,,,,,,,2019-11-26,2.585158845817546,2.560679023038282
1265,5df82ffbf9af8b399f100eab,1,2019-11-26 07:39:06-08:00,2019-11-26 16:53:34-08:00,2019-11-26 12:33:34-08:00,6.712,1_1_191_778_2019-11-26 15:39:06.326269,1,AG-4F43,1-1-191-778,America/Los_Angeles,386.0,500.0,10.0,20.0,502.0,"Tue, 26 Nov 2019 15:40:02 GMT",True,"Wed, 27 Nov 2019 00:01:06 GMT",386.0,,,,,,,,,,,,,,,,,,,,,,,,,,,,,,,,,,,,,,,,,,,,,,,,,,,,,,,,,,,,,,,,,,,,,,,,,,,,,,,,,,,,,,,,,,,,,,,,,,,,,,,,,,,,,,,,,,,,,,,,,,,,,,,,,,,,,,,,,,,,,,,,,,,,,,,,,,,,,,,,,,,,,,,,,,2019-11-26,1.3676250848992528,0.726319586389323
1266,5df82ffbf9af8b399f100eac,1,2019-11-26 07:39:13-08:00,2019-11-26 18:28:07-08:00,2019-11-26 14:39:03-08:00,7.738,1_1_191_812_2019-11-26 15:39:12.749394,1,AG-4F46,1-1-191-812,America/Los_Angeles,410.0,250.0,7.5,30.0,252.0,"Tue, 26 Nov 2019 15:39:41 GMT",True,"Tue, 26 Nov 2019 19:51:13 GMT",410.0,,,,,,,,,,,,,,,,,,,,,,,,,,,,,,,,,,,,,,,,,,,,,,,,,,,,,,,,,,,,,,,,,,,,,,,,,,,,,,,,,,,,,,,,,,,,,,,,,,,,,,,,,,,,,,,,,,,,,,,,,,,,,,,,,,,,,,,,,,,,,,,,,,,,,,,,,,,,,,,,,,,,,,,,,,2019-11-26,1.105867407701469,0.7154877484974573
1267,5df82ffbf9af8b399f100ead,1,2019-11-26 07:41:33-08:00,2019-11-26 13:24:31-08:00,2019-11-26 11:39:08-08:00,10.026,1_1_191_811_2019-11-26 15:41:15.054478,1,AG-4F42,1-1-191-811,America/Los_Angeles,2276.0,400.0,24.0,60.0,203.0,"Tue, 26 Nov 2019 15:41:32 GMT",True,"Tue, 26 Nov 2019 19:04:33 GMT",2276.0,400.0,16.0,40.0,218.0,"Tue, 26 Nov 2019 17:08:14 GMT",True,"Tue, 26 Nov 2019 19:19:33 GMT",2276.0,,,,,,,,,,,,,,,,,,,,,,,,,,,,,,,,,,,,,,,,,,,,,,,,,,,,,,,,,,,,,,,,,,,,,,,,,,,,,,,,,,,,,,,,,,,,,,,,,,,,,,,,,,,,,,,,,,,,,,,,,,,,,,,,,,,,,,,,,,,,,,,,,,,,,,,,,,,,,,,,,,2019-11-26,2.5319957909505435,1.7539896977354457
1268,5df82ffbf9af8b399f100eae,1,2019-11-26 07:45:55-08:00,2019-11-26 11:28:10-08:00,2019-11-26 10:25:16-08:00,9.037,1_1_191_807_2019-11-26 15:45:54.728891,1,AG-4F47,1-1-191-807,America/Los_Angeles,826.0,200.0,12.0,60.0,414.0,"Tue, 26 Nov 2019 15:46:18 GMT",True,"Tue, 26 Nov 2019 22:39:55 GMT",826.0,,,,,,,,,,,,,,,,,,,,,,,,,,,,,,,,,,,,,,,,,,,,,,,,,,,,,,,,,,,,,,,,,,,,,,,,,,,,,,,,,,,,,,,,,,,,,,,,,,,,,,,,,,,,,,,,,,,,,,,,,,,,,,,,,,,,,,,,,,,,,,,,,,,,,,,,,,,,,,,,,,,,,,,,,,2019-11-26,3.4026984625039227,2.439685039370079
1269,5df82ffbf9af8b399f100eaf,1,2019-11-26 07:51:26-08:00,2019-11-26 15:50:22-08:00,2019-11-26 09:22:41-08:00,4.052,1_1_191_806_2019-11-26 15:51:26.208295,1,AG-4F41,1-1-191-806,America/Los_Angeles,480.0,400.0,16.0,40.0,211.0,"Tue, 26 Nov 2019 15:51:31 GMT",True,"Tue, 26 Nov 2019 19:22:26 GMT",480.0,,,,,,,,,,,,,,,,,,,,,,,,,,,,,,,,,,,,,,,,,,,,,,,,,,,,,,,,,,,,,,,,,,,,,,,,,,,,,,,,,,,,,,,,,,,,,,,,,,,,,,,,,,,,,,,,,,,,,,,,,,,,,,,,,,,,,,,,,,,,,,,,,,,,,,,,,,,,,,,,,,,,,,,,,,2019-11-26,2.6643287671232874,0.5076280623608017
1270,5df82ffbf9af8b399f100eb0,1,2019-11-26 07:52:34-08:00,2019-11-26 19:41:49-08:00,2019-11-26 11:26:30-08:00,6.487,1_1_191_805_2019-11-26 15:52:33.796347,1,AG-4F39,1-1-191-805,America/Los_Angeles,345.0,400.0,16.0,40.0,368.0,"Tue, 26 Nov 2019 15:52:40 GMT",True,"Tue, 26 Nov 2019 22:00:34 GMT",345.0,,,,,,,,,,,,,,,,,,,,,,,,,,,,,,,,,,,,,,,,,,,,,,,,,,,,,,,,,,,,,,,,,,,,,,,,,,,,,,,,,,,,,,,,,,,,,,,,,,,,,,,,,,,,,,,,,,,,,,,,,,,,,,,,,,,,,,,,,,,,,,,,,,,,,,,,,,,,,,,,,,,,,,,,,,2019-11-26,1.8193518229978187,0.5487768769827283
1271,5df82ffbf9af8b399f100eb1,1,2019-11-26 07:53:37-08:00,2019-11-26 19:51:40-08:00,2019-11-26 12:50:54-08:00,13.958,1_1_191_782_2019-11-26 15:53:36.607828,1,AG-4F50,1-1-191-782,America/Los_Angeles,1191.0,250.0,15.0,60.0,611.0,"Tue, 26 Nov 2019 15:54:03 GMT",True,"Wed, 27 Nov 2019 02:04:37 GMT",1191.0,,,,,,,,,,,,,,,,,,,,,,,,,,,,,,,,,,,,,,,,,,,,,,,,,,,,,,,,,,,,,,,,,,,,,,,,,,,,,,,,,,,,,,,,,,,,,,,,,,,,,,,,,,,,,,,,,,,,,,,,,,,,,,,,,,,,,,,,,,,,,,,,,,,,,,,,,,,,,,,,,,,,,,,,,,2019-11-26,2.8171105006447275,1.1663254648005015
1272,5df82ffbf9af8b399f100eb2,1,2019-11-26 07:56:13-08:00,2019-11-26 16:54:51-08:00,2019-11-26 12:57:27-08:00,12.808,1_1_191_792_2019-11-26 15:56:02.748117,1,AG-4F37,1-1-191-792,America/Los_Angeles,1297.0,400.0,20.0,50.0,60.0,"Tue, 26 Nov 2019 15:56:13 GMT",True,"Tue, 26 Nov 2019 16:56:13 GMT",1297.0,,,,,,,,,,,,,,,,,,,,,,,,,,,,,,,,,,,,,,,,,,,,,,,,,,,,,,,,,,,,,,,,,,,,,,,,,,,,,,,,,,,,,,,,,,,,,,,,,,,,,,,,,,,,,,,,,,,,,,,,,,,,,,,,,,,,,,,,,,,,,,,,,,,,,,,,,,,,,,,,,,,,,,,,,,2019-11-26,2.5511120947216996,1.426721950615756
1273,5df82ffbf9af8b399f100eb3,1,2019-11-26 07:57:11-08:00,2019-11-26 21:27:11-08:00,2019-11-26 11:40:34-08:00,6.436,1_1_191_784_2019-11-26 15:57:10.584946,1,AG-4F40,1-1-191-784,America/Los_Angeles,3233.0,350.0,10.15,29.0,214.0,"Tue, 26 Nov 2019 15:59:47 GMT",True,"Tue, 26 Nov 2019 19:31:11 GMT",3233.0,,,,,,,,,,,,,,,,,,,,,,,,,,,,,,,,,,,,,,,,,,,,,,,,,,,,,,,,,,,,,,,,,,,,,,,,,,,,,,,,,,,,,,,,,,,,,,,,,,,,,,,,,,,,,,,,,,,,,,,,,,,,,,,,,,,,,,,,,,,,,,,,,,,,,,,,,,,,,,,,,,,,,,,,,,2019-11-26,1.7286876072521078,0.47674074074074074
1274,5df82ffbf9af8b399f100eb4,1,2019-11-26 08:00:28-08:00,2019-11-26 10:26:48-08:00,2019-11-26 10:27:48-08:00,13.457,1_1_191_786_2019-11-26 16:00:28.067538,1,AG-4F36,1-1-191-786,America/Los_Angeles,2052.0,375.0,48.75,130.0,453.0,"Tue, 26 Nov 2019 16:02:43 GMT",True,"Tue, 26 Nov 2019 23:33:28 GMT",2052.0,,,,,,,,,,,,,,,,,,,,,,,,,,,,,,,,,,,,,,,,,,,,,,,,,,,,,,,,,,,,,,,,,,,,,,,,,,,,,,,,,,,,,,,,,,,,,,,,,,,,,,,,,,,,,,,,,,,,,,,,,,,,,,,,,,,,,,,,,,,,,,,,,,,,,,,,,,,,,,,,,,,,,,,,,,2019-11-26,5.480226244343891,5.517676537585421
1275,5df82ffbf9af8b399f100eb5,1,2019-11-26 08:22:03-08:00,2019-11-26 17:15:29-08:00,2019-11-26 11:12:47-08:00,14.814,1_1_191_793_2019-11-26 16:22:03.250287,1,AG-4F38,1-1-191-793,America/Los_Angeles,3251.0,400.0,16.0,40.0,181.0,"Tue, 26 Nov 2019 16:23:12 GMT",True,"Tue, 26 Nov 2019 19:23:03 GMT",3251.0,,,,,,,,,,,,,,,,,,,,,,,,,,,,,,,,,,,,,,,,,,,,,,,,,,,,,,,,,,,,,,,,,,,,,,,,,,,,,,,,,,,,,,,,,,,,,,,,,,,,,,,,,,,,,,,,,,,,,,,,,,,,,,,,,,,,,,,,,,,,,,,,,,,,,,,,,,,,,,,,,,,,,,,,,,2019-11-26,5.206013276064038,1.6662625757670435
1276,5df82ffbf9af8b399f100eb6,1,2019-11-26 09:29:04-08:00,2019-11-26 17:15:43-08:00,2019-11-26 11:04:20-08:00,8.25,1_1_179_790_2019-11-26 17:29:04.323327,1,AG-3F19,1-1-179-790,America/Los_Angeles,3331.0,229.0,4.58,20.0,246.0,"Tue, 26 Nov 2019 17:30:09 GMT",True,"Tue, 26 Nov 2019 21:35:04 GMT",3331.0,229.0,4.58,20.0,478.0,"Wed, 27 Nov 2019 00:28:30 GMT",True,"Wed, 27 Nov 2019 01:27:04 GMT",3331.0,,,,,,,,,,,,,,,,,,,,,,,,,,,,,,,,,,,,,,,,,,,,,,,,,,,,,,,,,,,,,,,,,,,,,,,,,,,,,,,,,,,,,,,,,,,,,,,,,,,,,,,,,,,,,,,,,,,,,,,,,,,,,,,,,,,,,,,,,,,,,,,,,,,,,,,,,,,,,,,,,,2019-11-26,5.19594121763471,1.0607521697203472
1277,5df82ffbf9af8b399f100eb7,1,2019-11-26 10:31:04-08:00,2019-11-26 16:03:04-08:00,2019-11-26 12:37:55-08:00,12.1,1_1_191_786_2019-11-26 18:30:44.381351,1,AG-4F36,1-1-191-786,America/Los_Angeles,2299.0,400.0,20.0,50.0,380.0,"Tue, 26 Nov 2019 18:31:03 GMT",True,"Wed, 27 Nov 2019 00:51:04 GMT",2299.0,,,,,,,,,,,,,,,,,,,,,,,,,,,,,,,,,,,,,,,,,,,,,,,,,,,,,,,,,,,,,,,,,,,,,,,,,,,,,,,,,,,,,,,,,,,,,,,,,,,,,,,,,,,,,,,,,,,,,,,,,,,,,,,,,,,,,,,,,,,,,,,,,,,,,,,,,,,,,,,,,,,,,,,,,,2019-11-26,5.723295230587308,2.1867469879518073
1278,5df82ffbf9af8b399f100eb8,1,2019-11-26 11:26:40-08:00,2019-11-26 15:37:10-08:00,2019-11-26 15:24:47-08:00,25.829,1_1_179_809_2019-11-26 19:26:40.388921,1,AG-3F27,1-1-179-809,America/Los_Angeles,4332.0,200.0,44.0,220.0,447.0,"Tue, 26 Nov 2019 19:26:52 GMT",True,"Wed, 27 Nov 2019 02:53:40 GMT",4332.0,,,,,,,,,,,,,,,,,,,,,,,,,,,,,,,,,,,,,,,,,,,,,,,,,,,,,,,,,,,,,,,,,,,,,,,,,,,,,,,,,,,,,,,,,,,,,,,,,,,,,,,,,,,,,,,,,,,,,,,,,,,,,,,,,,,,,,,,,,,,,,,,,,,,,,,,,,,,,,,,,,,,,,,,,,2019-11-26,6.50832225099741,6.186586826347305
1279,5df82ffbf9af8b399f100eb9,1,2019-11-26 11:46:03-08:00,2019-11-26 11:57:49-08:00,2019-11-26 11:58:49-08:00,1.066,1_1_179_797_2019-11-26 19:46:03.479591,1,AG-3F23,1-1-179-797,America/Los_Angeles,741.0,400.0,8.0,20.0,258.0,"Tue, 26 Nov 2019 19:46:45 GMT",True,"Wed, 27 Nov 2019 00:04:03 GMT",741.0,,,,,,,,,,,,,,,,,,,,,,,,,,,,,,,,,,,,,,,,,,,,,,,,,,,,,,,,,,,,,,,,,,,,,,,,,,,,,,,,,,,,,,,,,,,,,,,,,,,,,,,,,,,,,,,,,,,,,,,,,,,,,,,,,,,,,,,,,,,,,,,,,,,,,,,,,,,,,,,,,,,,,,,,,,2019-11-26,5.009921671018277,5.4356940509915015
1280,5df82ffbf9af8b399f100eba,1,2019-11-26 12:20:28-08:00,2019-11-26 17:07:49-08:00,2019-11-26 13:21:54-08:00,2.905,1_1_179_797_2019-11-26 20:20:28.275122,1,AG-3F23,1-1-179-797,America/Los_Angeles,3499.0,400.0,8.0,20.0,60.0,"Tue, 26 Nov 2019 20:20:41 GMT",True,"Tue, 26 Nov 2019 21:20:28 GMT",3499.0,,,,,,,,,,,,,,,,,,,,,,,,,,,,,,,,,,,,,,,,,,,,,,,,,,,,,,,,,,,,,,,,,,,,,,,,,,,,,,,,,,,,,,,,,,,,,,,,,,,,,,,,,,,,,,,,,,,,,,,,,,,,,,,,,,,,,,,,,,,,,,,,,,,,,,,,,,,,,,,,,,,,,,,,,,2019-11-26,2.8372219207813347,0.6065773447015834
1281,5df82ffbf9af8b399f100ebb,1,2019-11-26 12:26:17-08:00,2019-11-26 17:13:50-08:00,2019-11-26 14:33:04-08:00,6.154,1_1_191_802_2019-11-26 20:26:17.328975,1,AG-4F44,1-1-191-802,America/Los_Angeles,376.0,400.0,8.0,20.0,359.0,"Tue, 26 Nov 2019 20:26:40 GMT",True,"Wed, 27 Nov 2019 02:25:17 GMT",376.0,,,,,,,,,,,,,,,,,,,,,,,,,,,,,,,,,,,,,,,,,,,,,,,,,,,,,,,,,,,,,,,,,,,,,,,,,,,,,,,,,,,,,,,,,,,,,,,,,,,,,,,,,,,,,,,,,,,,,,,,,,,,,,,,,,,,,,,,,,,,,,,,,,,,,,,,,,,,,,,,,,,,,,,,,,2019-11-26,2.9123701853555937,1.284089723526343
1282,5df82ffbf9af8b399f100ebc,1,2019-11-26 12:40:28-08:00,2019-11-26 17:08:30-08:00,2019-11-26 14:30:34-08:00,10.559,1_1_179_783_2019-11-26 20:40:27.767485,1,AG-3F29,1-1-179-783,America/Los_Angeles,3975.0,295.0,64.9,220.0,149.0,"Tue, 26 Nov 2019 20:41:07 GMT",True,"Tue, 26 Nov 2019 23:09:28 GMT",3975.0,295.0,64.9,220.0,371.0,"Wed, 27 Nov 2019 00:23:40 GMT",True,"Wed, 27 Nov 2019 02:51:28 GMT",3975.0,,,,,,,,,,,,,,,,,,,,,,,,,,,,,,,,,,,,,,,,,,,,,,,,,,,,,,,,,,,,,,,,,,,,,,,,,,,,,,,,,,,,,,,,,,,,,,,,,,,,,,,,,,,,,,,,,,,,,,,,,,,,,,,,,,,,,,,,,,,,,,,,,,,,,,,,,,,,,,,,,,2019-11-26,5.754223433242506,2.363661236164656
1283,5df82ffbf9af8b399f100ebd,1,2019-11-26 12:47:46-08:00,2019-11-26 16:11:03-08:00,2019-11-26 13:05:16-08:00,1.503,1_1_191_807_2019-11-26 20:47:46.088655,1,AG-4F47,1-1-191-807,America/Los_Angeles,826.0,200.0,12.0,60.0,414.0,"Tue, 26 Nov 2019 20:48:29 GMT",True,"Wed, 27 Nov 2019 03:41:46 GMT",826.0,,,,,,,,,,,,,,,,,,,,,,,,,,,,,,,,,,,,,,,,,,,,,,,,,,,,,,,,,,,,,,,,,,,,,,,,,,,,,,,,,,,,,,,,,,,,,,,,,,,,,,,,,,,,,,,,,,,,,,,,,,,,,,,,,,,,,,,,,,,,,,,,,,,,,,,,,,,,,,,,,,,,,,,,,,2019-11-26,5.153142857142856,0.44361728293842745
1284,5df82ffbf9af8b399f100ebe,1,2019-11-26 13:25:12-08:00,2019-11-26 17:42:08-08:00,2019-11-26 15:24:50-08:00,22.941,1_1_178_824_2019-11-26 21:25:12.476750,1,AG-1F07,1-1-178-824,America/Los_Angeles,207.0,400.0,40.0,100.0,210.0,"Tue, 26 Nov 2019 21:25:43 GMT",True,"Wed, 27 Nov 2019 00:55:12 GMT",207.0,,,,,,,,,,,,,,,,,,,,,,,,,,,,,,,,,,,,,,,,,,,,,,,,,,,,,,,,,,,,,,,,,,,,,,,,,,,,,,,,,,,,,,,,,,,,,,,,,,,,,,,,,,,,,,,,,,,,,,,,,,,,,,,,,,,,,,,,,,,,,,,,,,,,,,,,,,,,,,,,,,,,,,,,,,2019-11-26,11.505656171635552,5.357265179034769
1285,5df82ffbf9af8b399f100ebf,1,2019-11-26 13:44:52-08:00,2019-11-26 16:15:51-08:00,2019-11-26 15:24:48-08:00,7.503,1_1_178_823_2019-11-26 21:44:51.708608,1,AG-1F08,1-1-178-823,America/Los_Angeles,1078.0,400.0,16.0,40.0,152.0,"Tue, 26 Nov 2019 21:48:13 GMT",True,"Wed, 27 Nov 2019 00:16:52 GMT",1078.0,,,,,,,,,,,,,,,,,,,,,,,,,,,,,,,,,,,,,,,,,,,,,,,,,,,,,,,,,,,,,,,,,,,,,,,,,,,,,,,,,,,,,,,,,,,,,,,,,,,,,,,,,,,,,,,,,,,,,,,,,,,,,,,,,,,,,,,,,,,,,,,,,,,,,,,,,,,,,,,,,,,,,,,,,,2019-11-26,4.504803202134757,2.981653604150569
1286,5df82ffbf9af8b399f100ec0,1,2019-11-26 13:49:36-08:00,2019-11-26 17:04:40-08:00,2019-11-26 15:24:47-08:00,19.083,1_1_179_798_2019-11-26 21:49:35.562723,1,AG-3F18,1-1-179-798,America/Los_Angeles,741.0,400.0,8.0,20.0,60.0,"Tue, 26 Nov 2019 21:49:44 GMT",True,"Tue, 26 Nov 2019 22:49:36 GMT",741.0,400.0,32.0,80.0,60.0,"Tue, 26 Nov 2019 23:15:30 GMT",True,"Tue, 26 Nov 2019 22:49:36 GMT",741.0,,,,,,,,,,,,,,,,,,,,,,,,,,,,,,,,,,,,,,,,,,,,,,,,,,,,,,,,,,,,,,,,,,,,,,,,,,,,,,,,,,,,,,,,,,,,,,,,,,,,,,,,,,,,,,,,,,,,,,,,,,,,,,,,,,,,,,,,,,,,,,,,,,,,,,,,,,,,,,,,,,2019-11-26,12.029206793906496,5.869685577580314
1287,5df82ffbf9af8b399f100ec1,1,2019-11-26 14:03:21-08:00,2019-11-26 16:59:06-08:00,2019-11-26 15:24:48-08:00,4.191,1_1_191_811_2019-11-26 22:03:20.916228,1,AG-4F42,1-1-191-811,America/Los_Angeles,220.0,400.0,8.0,20.0,68.0,"Tue, 26 Nov 2019 22:03:42 GMT",True,"Tue, 26 Nov 2019 23:11:21 GMT",220.0,,,,,,,,,,,,,,,,,,,,,,,,,,,,,,,,,,,,,,,,,,,,,,,,,,,,,,,,,,,,,,,,,,,,,,,,,,,,,,,,,,,,,,,,,,,,,,,,,,,,,,,,,,,,,,,,,,,,,,,,,,,,,,,,,,,,,,,,,,,,,,,,,,,,,,,,,,,,,,,,,,,,,,,,,,2019-11-26,3.087292817679558,1.430782361308677
1288,5df82ffbf9af8b399f100ec2,1,2019-11-26 14:17:55-08:00,2019-11-26 17:18:28-08:00,2019-11-26 15:24:48-08:00,14.354,1_1_193_820_2019-11-26 22:17:54.692328,1,AG-1F04,1-1-193-820,America/Los_Angeles,420.0,267.0,24.03,90.0,207.0,"Tue, 26 Nov 2019 22:18:14 GMT",True,"Wed, 27 Nov 2019 01:44:55 GMT",420.0,,,,,,,,,,,,,,,,,,,,,,,,,,,,,,,,,,,,,,,,,,,,,,,,,,,,,,,,,,,,,,,,,,,,,,,,,,,,,,,,,,,,,,,,,,,,,,,,,,,,,,,,,,,,,,,,,,,,,,,,,,,,,,,,,,,,,,,,,,,,,,,,,,,,,,,,,,,,,,,,,,,,,,,,,,2019-11-26,12.876750560677797,4.770091387427305
1289,5df82ffbf9af8b399f100ec3,1,2019-11-26 14:26:44-08:00,2019-11-26 19:34:15-08:00,2019-11-26 15:24:49-08:00,26.424,1_1_191_789_2019-11-26 22:26:44.105216,1,AG-4F52,1-1-191-789,America/Los_Angeles,394.0,250.0,35.0,140.0,324.0,"Tue, 26 Nov 2019 22:26:44 GMT",True,"Wed, 27 Nov 2019 03:50:44 GMT",394.0,250.0,35.0,140.0,324.0,"Tue, 26 Nov 2019 22:26:53 GMT",True,"Wed, 27 Nov 2019 03:50:44 GMT",394.0,250.0,35.0,140.0,324.0,"Tue, 26 Nov 2019 22:26:59 GMT",True,"Wed, 27 Nov 2019 03:50:44 GMT",394.0,,,,,,,,,,,,,,,,,,,,,,,,,,,,,,,,,,,,,,,,,,,,,,,,,,,,,,,,,,,,,,,,,,,,,,,,,,,,,,,,,,,,,,,,,,,,,,,,,,,,,,,,,,,,,,,,,,,,,,,,,,,,,,,,,,,,,,,,,,,,,,,,,,,,,,,,,,2019-11-26,27.295954088952655,5.1556230014633355
1290,5df82ffbf9af8b399f100ec4,1,2019-11-26 15:14:31-08:00,2019-11-26 19:49:55-08:00,2019-11-26 15:24:48-08:00,16.066,1_1_194_826_2019-11-26 23:14:31.423901,1,AG-1F11,1-1-194-826,America/Los_Angeles,1805.0,400.0,16.0,40.0,222.0,"Tue, 26 Nov 2019 23:15:09 GMT",True,"Wed, 27 Nov 2019 02:56:31 GMT",1805.0,400.0,16.0,40.0,135.0,"Wed, 27 Nov 2019 00:30:26 GMT",True,"Wed, 27 Nov 2019 01:29:31 GMT",1805.0,,,,,,,,,,,,,,,,,,,,,,,,,,,,,,,,,,,,,,,,,,,,,,,,,,,,,,,,,,,,,,,,,,,,,,,,,,,,,,,,,,,,,,,,,,,,,,,,,,,,,,,,,,,,,,,,,,,,,,,,,,,,,,,,,,,,,,,,,,,,,,,,,,,,,,,,,,,,,,,,,,2019-11-26,93.74003241491084,3.500217864923747
1291,5df82ffbf9af8b399f100ec5,1,2019-11-26 15:16:53-08:00,2019-11-26 17:04:20-08:00,2019-11-26 15:24:48-08:00,10.265,1_1_193_819_2019-11-26 23:16:53.179013,1,AG-1F06,1-1-193-819,America/Los_Angeles,362.0,400.0,48.0,120.0,144.0,"Tue, 26 Nov 2019 23:17:09 GMT",True,"Wed, 27 Nov 2019 01:40:53 GMT",362.0,,,,,,,,,,,,,,,,,,,,,,,,,,,,,,,,,,,,,,,,,,,,,,,,,,,,,,,,,,,,,,,,,,,,,,,,,,,,,,,,,,,,,,,,,,,,,,,,,,,,,,,,,,,,,,,,,,,,,,,,,,,,,,,,,,,,,,,,,,,,,,,,,,,,,,,,,,,,,,,,,,,,,,,,,,2019-11-26,77.79789473684211,5.731968357375524
1292,5df82ffbf9af8b399f100ec6,1,2019-11-26 15:17:26-08:00,2019-11-26 19:16:30-08:00,2019-11-26 15:24:49-08:00,0.702,1_1_178_817_2019-11-26 23:17:26.238372,1,AG-1F09,1-1-178-817,America/Los_Angeles,379.0,400.0,20.0,50.0,235.0,"Tue, 26 Nov 2019 23:17:52 GMT",True,"Wed, 27 Nov 2019 03:12:26 GMT",379.0,,,,,,,,,,,,,,,,,,,,,,,,,,,,,,,,,,,,,,,,,,,,,,,,,,,,,,,,,,,,,,,,,,,,,,,,,,,,,,,,,,,,,,,,,,,,,,,,,,,,,,,,,,,,,,,,,,,,,,,,,,,,,,,,,,,,,,,,,,,,,,,,,,,,,,,,,,,,,,,,,,,,,,,,,,2019-11-26,5.704740406320541,0.17618516452872282
1293,5df82ffbf9af8b399f100ec7,1,2019-11-26 15:26:33-08:00,2019-11-26 16:00:41-08:00,,1.769,1_1_194_821_2019-11-26 23:26:33.344938,1,AG-1F13,1-1-194-821,America/Los_Angeles,525.0,400.0,8.0,20.0,30.0,"Tue, 26 Nov 2019 23:27:29 GMT",True,"Tue, 26 Nov 2019 23:56:33 GMT",525.0,,,,,,,,,,,,,,,,,,,,,,,,,,,,,,,,,,,,,,,,,,,,,,,,,,,,,,,,,,,,,,,,,,,,,,,,,,,,,,,,,,,,,,,,,,,,,,,,,,,,,,,,,,,,,,,,,,,,,,,,,,,,,,,,,,,,,,,,,,,,,,,,,,,,,,,,,,,,,,,,,,,,,,,,,,2019-11-26,,3.1095703125
1294,5df82ffbf9af8b399f100ec8,1,2019-11-26 15:56:21-08:00,2019-11-26 17:08:20-08:00,,5.923,1_1_179_809_2019-11-26 23:56:08.290198,1,AG-3F27,1-1-179-809,America/Los_Angeles,2276.0,400.0,8.0,20.0,292.0,"Tue, 26 Nov 2019 23:56:20 GMT",True,"Wed, 27 Nov 2019 04:48:21 GMT",2276.0,,,,,,,,,,,,,,,,,,,,,,,,,,,,,,,,,,,,,,,,,,,,,,,,,,,,,,,,,,,,,,,,,,,,,,,,,,,,,,,,,,,,,,,,,,,,,,,,,,,,,,,,,,,,,,,,,,,,,,,,,,,,,,,,,,,,,,,,,,,,,,,,,,,,,,,,,,,,,,,,,,,,,,,,,,2019-11-26,,4.936976151887011
1295,5df82ffbf9af8b399f100ec9,1,2019-11-26 16:17:26-08:00,2019-11-26 17:13:36-08:00,,3.955,1_1_179_799_2019-11-27 00:17:26.452347,1,AG-3F25,1-1-179-799,America/Los_Angeles,76.0,400.0,16.0,40.0,32.0,"Wed, 27 Nov 2019 00:20:35 GMT",True,"Wed, 27 Nov 2019 00:49:26 GMT",76.0,400.0,16.0,40.0,60.0,"Wed, 27 Nov 2019 00:21:29 GMT",True,"Wed, 27 Nov 2019 01:17:26 GMT",76.0,,,,,,,,,,,,,,,,,,,,,,,,,,,,,,,,,,,,,,,,,,,,,,,,,,,,,,,,,,,,,,,,,,,,,,,,,,,,,,,,,,,,,,,,,,,,,,,,,,,,,,,,,,,,,,,,,,,,,,,,,,,,,,,,,,,,,,,,,,,,,,,,,,,,,,,,,,,,,,,,,,2019-11-26,,4.224925816023739
1296,5df82ffbf9af8b399f100eca,1,2019-11-26 20:33:42-08:00,2019-11-26 23:06:44-08:00,,5.526,1_1_178_823_2019-11-27 04:33:42.487285,1,AG-1F08,1-1-178-823,America/Los_Angeles,405.0,400.0,8.0,20.0,197.0,"Wed, 27 Nov 2019 04:33:58 GMT",True,"Wed, 27 Nov 2019 07:50:42 GMT",405.0,,,,,,,,,,,,,,,,,,,,,,,,,,,,,,,,,,,,,,,,,,,,,,,,,,,,,,,,,,,,,,,,,,,,,,,,,,,,,,,,,,,,,,,,,,,,,,,,,,,,,,,,,,,,,,,,,,,,,,,,,,,,,,,,,,,,,,,,,,,,,,,,,,,,,,,,,,,,,,,,,,,,,,,,,,2019-11-26,,2.166586800261381
